date,time_start,vv_mean,year,month,year_month
2022-01-03,1641246747000,-9.494771042415893,2022,1,2022-01
2022-02-08,1644357146000,-9.639472371508033,2022,2,2022-02
2022-07-26,1658872347000,-10.767712651227457,2022,7,2022-07
2022-08-07,1659909148000,-9.428479510046197,2022,8,2022-08
2022-08-19,1660945949000,-10.2666279478098,2022,8,2022-08
2022-08-31,1661982749000,-8.594405125726238,2022,8,2022-08
2022-09-12,1663019550000,-9.209786271757277,2022,9,2022-09
2022-09-24,1664056349000,-8.764945476254546,2022,9,2022-09
2022-10-06,1665093150000,-9.668582939239768,2022,10,2022-10
2022-10-18,1666129950000,-8.015413146964125,2022,10,2022-10
2022-10-30,1667166750000,-7.419990336295854,2022,10,2022-10
2022-11-11,1668203550000,-10.498288124290223,2022,11,2022-11
2022-11-23,1669240350000,-9.244108079846738,2022,11,2022-11
2022-12-05,1670277149000,-8.340703431295726,2022,12,2022-12
2022-12-17,1671313948000,-7.755722791261061,2022,12,2022-12
2022-12-29,1672350748000,-8.369451938463689,2022,12,2022-12
2023-01-10,1673387547000,-10.419503283306254,2023,1,2023-01
2023-01-22,1674424347000,-9.192269975134451,2023,1,2023-01
2023-02-03,1675461146000,-9.536158703000392,2023,2,2023-02
2023-02-15,1676497946000,-9.28969664292867,2023,2,2023-02
2023-02-27,1677534746000,-9.627634236556464,2023,2,2023-02
2023-03-11,1678571546000,-10.118551386417728,2023,3,2023-03
2023-03-23,1679608346000,-10.104396478323348,2023,3,2023-03
2023-04-04,1680645146000,-9.211217567662846,2023,4,2023-04
2023-04-16,1681681947000,-9.779212417274007,2023,4,2023-04
2023-04-28,1682718747000,-9.919483092355312,2023,4,2023-04
2023-05-10,1683755548000,-10.305027335093568,2023,5,2023-05
2023-05-22,1684792348000,-7.702339064142333,2023,5,2023-05
2023-06-03,1685829149000,-9.09072219830048,2023,6,2023-06
2023-06-15,1686865950000,-9.303164821039166,2023,6,2023-06
2023-06-27,1687902750000,-8.178812445292287,2023,6,2023-06
2023-07-09,1688939551000,-9.69557034279808,2023,7,2023-07
2023-07-21,1689976352000,-9.898581130397252,2023,7,2023-07
2023-08-02,1691013152000,-9.686938761924212,2023,8,2023-08
2023-08-14,1692049953000,-10.27848907681065,2023,8,2023-08
2023-08-26,1693086754000,-10.027273093425494,2023,8,2023-08
2023-09-07,1694123554000,-10.756149362030794,2023,9,2023-09
2023-09-19,1695160355000,-9.677628507497973,2023,9,2023-09
2023-10-01,1696197155000,-8.711581179877816,2023,10,2023-10
2023-10-13,1697233955000,-9.430289193873586,2023,10,2023-10
2023-10-25,1698270755000,-9.897060213656292,2023,10,2023-10
2023-11-06,1699307555000,-8.073941365060522,2023,11,2023-11
2023-11-18,1700344355000,-9.384029107795744,2023,11,2023-11
2023-11-30,1701381154000,-8.499870281592306,2023,11,2023-11
2023-12-12,1702417954000,-9.01990993139996,2023,12,2023-12
2023-12-24,1703454753000,-8.283404881573562,2023,12,2023-12
2024-01-05,1704491552000,-9.87525765452712,2024,1,2024-01
2024-01-17,1705528351000,-9.658127811321284,2024,1,2024-01
2024-01-29,1706565151000,-9.463645442858928,2024,1,2024-01
2024-02-10,1707601951000,-9.395060001029321,2024,2,2024-02
2024-02-22,1708638751000,-8.269296099509756,2024,2,2024-02
2024-03-05,1709675551000,-9.745898838066335,2024,3,2024-03
2024-03-17,1710712351000,-8.742782222620441,2024,3,2024-03
2024-03-29,1711749152000,-10.71640336486393,2024,3,2024-03
2024-04-10,1712785951000,-9.964227706194757,2024,4,2024-04
2024-04-22,1713822752000,-9.85526764006944,2024,4,2024-04
2024-05-04,1714859552000,-9.685968515333066,2024,5,2024-05
2024-05-16,1715896352000,-9.782880518974833,2024,5,2024-05
2024-05-28,1716933152000,-8.942779030108401,2024,5,2024-05
2024-06-09,1717969952000,-9.353784673032493,2024,6,2024-06
2024-06-21,1719006751000,-8.966714829205118,2024,6,2024-06
2024-07-03,1720043550000,-9.831346711327852,2024,7,2024-07
2024-07-15,1721080350000,-9.360755302526092,2024,7,2024-07
2024-07-27,1722117149000,-9.356554957519487,2024,7,2024-07
2024-08-08,1723153950000,-10.541209719017838,2024,8,2024-08
2024-08-20,1724190750000,-9.523043188758045,2024,8,2024-08
2024-09-01,1725227550000,-10.243639239335044,2024,9,2024-09
2024-09-13,1726264351000,-9.13358576887809,2024,9,2024-09
2024-09-25,1727301151000,-10.68249211147374,2024,9,2024-09
2024-10-07,1728337952000,-9.246704961845804,2024,10,2024-10
2024-10-19,1729374751000,-8.487243708689137,2024,10,2024-10
2024-10-19,1729374751000,-8.48729419575576,2024,10,2024-10
2024-10-31,1730411567000,-7.668631478578663,2024,10,2024-10
2024-11-12,1731448351000,-8.96236495138468,2024,11,2024-11
2024-11-24,1732485150000,-8.748807797043787,2024,11,2024-11
2024-12-06,1733521949000,-8.594263478771913,2024,12,2024-12
2024-12-18,1734558748000,-8.488493262790417,2024,12,2024-12
2024-12-30,1735595547000,-8.900892296723752,2024,12,2024-12
2025-01-11,1736632346000,-8.717979357733096,2025,1,2025-01
2025-01-23,1737669145000,-9.423811820705069,2025,1,2025-01
2025-02-04,1738705945000,-9.56895388023514,2025,2,2025-02
2025-02-16,1739742744000,-8.592730834512107,2025,2,2025-02
2025-02-28,1740779544000,-9.355089765864886,2025,2,2025-02
2025-03-12,1741816344000,-10.077576297672486,2025,3,2025-03
2025-03-24,1742853144000,-9.517268047426795,2025,3,2025-03
2025-03-30,1743371472000,-9.555960529241517,2025,3,2025-03
2025-04-05,1743889945000,-9.266088093860503,2025,4,2025-04
2025-04-11,1744408272000,-9.598510232789561,2025,4,2025-04
2025-04-17,1744926745000,-10.009206534705465,2025,4,2025-04
2025-04-23,1745445072000,-9.900401006300706,2025,4,2025-04
2025-04-29,1745963545000,-9.600533604775656,2025,4,2025-04
2025-05-05,1746481873000,-10.650188643285578,2025,5,2025-05
2025-05-11,1747000345000,-8.519642173880058,2025,5,2025-05
2025-05-17,1747518674000,-10.111463401285695,2025,5,2025-05
2025-05-23,1748037144000,-9.719036276738398,2025,5,2025-05
2025-05-29,1748555476000,-8.631695084885006,2025,5,2025-05
2025-06-04,1749073944000,-9.018820469109777,2025,6,2025-06
2025-06-10,1749592276000,-9.875477338926787,2025,6,2025-06
2025-06-16,1750110743000,-10.732192233351782,2025,6,2025-06
2025-06-22,1750629077000,-10.870932151952733,2025,6,2025-06
2025-06-28,1751147542000,-10.271682850410201,2025,6,2025-06
2025-07-04,1751665878000,-9.652746976634708,2025,7,2025-07
2025-07-10,1752184342000,-9.574867822337147,2025,7,2025-07
2025-07-16,1752702678000,-9.951223463799783,2025,7,2025-07
2025-07-22,1753221141000,-9.038285347342974,2025,7,2025-07
2025-07-28,1753739479000,-10.65759325017056,2025,7,2025-07
2025-08-03,1754257941000,-9.900938199801951,2025,8,2025-08
2025-08-09,1754776280000,-10.28032388640814,2025,8,2025-08
2025-08-15,1755294741000,-10.146895906500129,2025,8,2025-08
2025-08-21,1755813080000,-10.487636742885686,2025,8,2025-08
2025-08-27,1756331541000,-9.624583956247415,2025,8,2025-08
2025-09-02,1756849881000,-10.538182393733369,2025,9,2025-09
2025-09-08,1757368341000,-10.388418502147614,2025,9,2025-09
2025-09-14,1757886681000,-11.36496823450223,2025,9,2025-09
2025-09-20,1758405142000,-10.557239636910895,2025,9,2025-09
2025-09-26,1758923481000,-10.037185967190906,2025,9,2025-09
2025-10-02,1759441942000,-9.548025867849045,2025,10,2025-10
2025-10-08,1759960282000,-9.38800267269305,2025,10,2025-10
2025-10-14,1760478742000,-10.351939037223367,2025,10,2025-10
2025-10-20,1760997082000,-8.261521066457629,2025,10,2025-10
2025-10-26,1761515542000,-8.116990211941499,2025,10,2025-10
2025-11-01,1762033881000,-9.232624086448737,2025,11,2025-11
2025-11-07,1762552341000,-9.421448148386425,2025,11,2025-11
2025-11-13,1763070681000,-7.79314123472573,2025,11,2025-11
2025-11-19,1763589141000,-8.615080610964922,2025,11,2025-11
2025-11-25,1764107480000,-8.854982334750295,2025,11,2025-11
2025-12-01,1764625940000,-9.801687996902178,2025,12,2025-12
2025-12-07,1765144280000,-9.460589993716656,2025,12,2025-12
2025-12-13,1765662738000,-7.553818339060099,2025,12,2025-12
2025-12-19,1766181079000,-9.309870942321268,2025,12,2025-12
2025-12-25,1766699537000,-8.397529651413496,2025,12,2025-12
2025-12-31,1767217879000,-8.189497799901009,2025,12,2025-12
2026-01-06,1767736336000,-8.272892904575897,2026,1,2026-01
2026-01-12,1768254678000,-10.247494309076355,2026,1,2026-01
2026-01-18,1768773135000,-9.451110736807346,2026,1,2026-01
2026-01-24,1769291477000,-11.288594933846984,2026,1,2026-01
2026-01-30,1769809934000,-9.946518097959242,2026,1,2026-01
2026-02-05,1770328277000,-10.527990635051003,2026,2,2026-02
2026-02-11,1770846734000,-9.21439871494026,2026,2,2026-02
2026-02-17,1771365077000,-8.426044294676105,2026,2,2026-02
2026-02-23,1771883533000,-9.753940479026225,2026,2,2026-02
2026-03-01,1772401877000,-9.348130066199309,2026,3,2026-03
2026-03-07,1772920333000,-9.251382072994643,2026,3,2026-03
2026-03-13,1773438677000,-9.088844084690509,2026,3,2026-03
2026-03-19,1773957133000,-9.634898084027446,2026,3,2026-03
2026-03-25,1774475477000,-9.466979192987194,2026,3,2026-03
