date,year,month,year_month,cloud_percentage
2020-01-06 02:40:45.118,2020,1,2020-01,26.017449
2020-01-11 02:40:44.604,2020,1,2020-01,13.466731
2020-01-11 02:40:59.056,2020,1,2020-01,30.384412
2020-01-16 02:40:44.357,2020,1,2020-01,21.97551
2020-01-16 02:40:58.815,2020,1,2020-01,10.103212
2020-01-21 02:40:43.873,2020,1,2020-01,32.325079
2020-01-31 02:40:42.669,2020,1,2020-01,29.297297
2020-01-31 02:40:57.127,2020,1,2020-01,17.453248
2020-02-15 02:41:00.311,2020,2,2020-02,32.44382
2020-02-20 02:40:44.461,2020,2,2020-02,38.880494
2020-02-25 02:40:47.209,2020,2,2020-02,10.824022
2020-02-25 02:41:01.662,2020,2,2020-02,5.211728
2020-03-01 02:40:47.816,2020,3,2020-03,38.998512
2020-03-01 02:41:00.129,2020,3,2020-03,8.755301
2020-03-16 02:40:48.247,2020,3,2020-03,25.150619
2020-03-21 02:40:46.555,2020,3,2020-03,19.922923
2020-03-26 02:40:48.038,2020,3,2020-03,15.599606
2020-04-30 02:40:53.068,2020,4,2020-04,14.873101
2020-04-30 02:41:07.547,2020,4,2020-04,25.738644
2020-05-10 02:40:54.665,2020,5,2020-05,37.158849
2020-05-10 02:41:09.140,2020,5,2020-05,28.369346
2020-05-15 02:40:49.488,2020,5,2020-05,21.982588
2020-05-15 02:41:03.949,2020,5,2020-05,36.818464
2020-06-04 02:40:52.110,2020,6,2020-06,22.132133
2020-06-04 02:41:06.573,2020,6,2020-06,26.037254
2020-06-14 02:41:07.122,2020,6,2020-06,14.95498
2020-06-19 02:41:10.670,2020,6,2020-06,23.208677
2020-06-29 02:41:00.071,2020,6,2020-06,32.022048
2020-07-14 02:41:06.142,2020,7,2020-07,22.983196
2020-07-19 02:40:55.264,2020,7,2020-07,30.578041
2020-07-24 02:40:52.387,2020,7,2020-07,17.039675
2020-07-24 02:41:06.838,2020,7,2020-07,30.600662
2020-07-29 02:40:55.937,2020,7,2020-07,30.918316
2020-08-08 02:40:56.223,2020,8,2020-08,35.588568
2020-08-08 02:41:10.690,2020,8,2020-08,27.889271
2020-08-13 02:40:53.695,2020,8,2020-08,22.731994
2020-08-13 02:41:08.154,2020,8,2020-08,22.636866
2020-09-02 02:40:53.355,2020,9,2020-09,30.201782
2020-09-02 02:41:07.820,2020,9,2020-09,34.393589
2020-09-07 02:40:54.393,2020,9,2020-09,25.372611
2020-09-07 02:41:08.866,2020,9,2020-09,12.274656
2020-09-22 02:40:52.476,2020,9,2020-09,32.702667
2020-10-02 02:40:53.522,2020,10,2020-10,4.821551
2020-10-02 02:41:07.985,2020,10,2020-10,4.079522
2020-10-12 02:41:08.426,2020,10,2020-10,16.395396
2020-11-01 02:40:52.988,2020,11,2020-11,35.265928
2020-11-01 02:41:07.460,2020,11,2020-11,16.247437
2020-11-16 02:41:07.967,2020,11,2020-11,36.493753
2020-11-26 02:40:51.327,2020,11,2020-11,29.257737
2020-11-26 02:41:05.801,2020,11,2020-11,21.047807
2020-12-26 02:40:49.661,2020,12,2020-12,19.987595
2020-12-26 02:41:04.130,2020,12,2020-12,10.900699
2021-01-15 02:40:51.080,2021,1,2021-01,0.001573
2021-01-15 02:41:05.559,2021,1,2021-01,0.081307
2021-01-25 02:40:50.797,2021,1,2021-01,28.135164
2021-01-25 02:41:05.287,2021,1,2021-01,8.626257
2021-01-30 02:40:49.975,2021,1,2021-01,27.202042
2021-01-30 02:41:04.449,2021,1,2021-01,26.611026
2021-02-04 02:40:49.870,2021,2,2021-02,33.512544
2021-02-04 02:41:04.353,2021,2,2021-02,29.938892
2021-02-14 02:41:03.565,2021,2,2021-02,21.198808
2021-02-19 02:40:47.872,2021,2,2021-02,30.917379
2021-02-19 02:41:02.342,2021,2,2021-02,30.958355
2021-02-24 02:40:49.921,2021,2,2021-02,20.486213
2021-03-01 02:41:03.542,2021,3,2021-03,28.032811
2021-03-11 02:40:49.549,2021,3,2021-03,8.778889
2021-03-16 02:40:49.602,2021,3,2021-03,3.92289
2021-03-16 02:41:04.069,2021,3,2021-03,34.944625
2021-03-26 02:40:48.441,2021,3,2021-03,27.817072
2021-03-26 02:41:02.908,2021,3,2021-03,16.187515
2021-04-05 02:40:46.599,2021,4,2021-04,8.557782
2021-04-20 02:40:45.025,2021,4,2021-04,20.193345
2021-04-20 02:40:59.477,2021,4,2021-04,30.11432
2021-04-30 02:41:00.478,2021,4,2021-04,36.831802
2021-05-10 02:40:48.385,2021,5,2021-05,33.207283
2021-05-10 02:41:02.855,2021,5,2021-05,35.943422
2021-05-15 02:40:50.101,2021,5,2021-05,31.140381
2021-05-15 02:41:04.577,2021,5,2021-05,13.854603
2021-05-20 02:41:04.477,2021,5,2021-05,23.363405
2021-06-14 02:40:50.693,2021,6,2021-06,34.587839
2021-06-19 02:40:51.050,2021,6,2021-06,28.103038
2021-07-04 02:41:07.051,2021,7,2021-07,26.3833
2021-07-09 02:40:52.022,2021,7,2021-07,6.640803
2021-07-09 02:41:06.498,2021,7,2021-07,16.814708
2021-07-14 02:41:07.865,2021,7,2021-07,32.926527
2021-07-19 02:40:52.285,2021,7,2021-07,37.109991
2021-07-29 02:40:52.042,2021,7,2021-07,35.819387
2021-08-08 02:40:51.220,2021,8,2021-08,38.54171
2021-08-28 02:40:48.026,2021,8,2021-08,10.550498
2021-08-28 02:41:02.486,2021,8,2021-08,8.761215
2021-09-02 02:40:51.361,2021,9,2021-09,27.507148
2021-09-02 02:41:05.831,2021,9,2021-09,15.26757
2021-09-07 02:40:46.703,2021,9,2021-09,14.184409
2021-09-07 02:41:01.165,2021,9,2021-09,5.86368
2021-09-17 02:40:46.348,2021,9,2021-09,32.851795
2021-09-17 02:41:00.815,2021,9,2021-09,22.229107
2021-09-22 02:40:53.185,2021,9,2021-09,18.035342
2021-09-22 02:41:07.654,2021,9,2021-09,10.458041
2021-09-27 02:40:48.928,2021,9,2021-09,23.463655
2021-09-27 02:41:03.399,2021,9,2021-09,14.056952
2021-10-02 02:40:54.769,2021,10,2021-10,16.90611
2021-10-02 02:41:09.252,2021,10,2021-10,19.189397
2021-10-07 02:40:50.726,2021,10,2021-10,26.078063
2021-11-06 02:40:50.775,2021,11,2021-11,37.306877
2021-11-06 02:41:05.258,2021,11,2021-11,7.729579
2021-11-11 02:40:52.483,2021,11,2021-11,15.294829
2021-11-11 02:41:00.049,2021,11,2021-11,17.689238
2021-11-11 02:41:07.238,2021,11,2021-11,38.495727
2021-11-16 02:41:03.138,2021,11,2021-11,17.985508
2021-11-21 02:40:50.334,2021,11,2021-11,6.364612
2021-11-21 02:41:04.796,2021,11,2021-11,20.449352
2021-12-06 02:40:59.826,2021,12,2021-12,21.181793
2021-12-11 02:40:49.162,2021,12,2021-12,22.795275
2021-12-16 02:40:43.932,2021,12,2021-12,8.629589
2021-12-16 02:40:58.406,2021,12,2021-12,1.881945
2022-03-01 02:40:53.570,2022,3,2022-03,19.608861
2022-03-01 02:41:08.049,2022,3,2022-03,37.196419
2022-03-11 02:40:54.309,2022,3,2022-03,7.011238
2022-03-11 02:41:08.783,2022,3,2022-03,6.104233
2022-04-15 02:41:00.956,2022,4,2022-04,31.008035
2022-04-25 02:40:44.147,2022,4,2022-04,33.701766
2022-04-25 02:40:58.609,2022,4,2022-04,18.535261
2022-05-30 02:41:12.443,2022,5,2022-05,32.895157
2022-06-19 02:41:01.835,2022,6,2022-06,39.69759
2022-06-24 02:41:09.561,2022,6,2022-06,12.233775
2022-07-09 02:41:03.209,2022,7,2022-07,24.752924
2022-07-09 02:41:17.697,2022,7,2022-07,12.654799
2022-07-14 02:41:08.907,2022,7,2022-07,39.123315
2022-07-24 02:40:55.263,2022,7,2022-07,4.662079
2022-07-24 02:41:09.739,2022,7,2022-07,28.762674
2022-07-29 02:40:59.671,2022,7,2022-07,13.651155
2022-07-29 02:41:14.135,2022,7,2022-07,7.41067
2022-08-08 02:41:01.782,2022,8,2022-08,22.977528
2022-08-13 02:40:53.532,2022,8,2022-08,32.633755
2022-08-13 02:41:07.996,2022,8,2022-08,30.262199
2022-08-23 02:40:50.971,2022,8,2022-08,29.214987
2022-08-23 02:41:05.422,2022,8,2022-08,12.209147
2022-09-17 02:40:59.175,2022,9,2022-09,17.252524
2022-09-22 02:40:51.449,2022,9,2022-09,8.222255
2022-09-22 02:41:05.926,2022,9,2022-09,25.196365
2022-09-27 02:40:57.481,2022,9,2022-09,24.377893
2022-09-27 02:41:11.958,2022,9,2022-09,4.711952
2022-10-02 02:40:49.164,2022,10,2022-10,3.498723
2022-10-02 02:41:03.633,2022,10,2022-10,4.315389
2022-10-27 02:40:53.501,2022,10,2022-10,20.667051
2022-10-27 02:41:07.912,2022,10,2022-10,6.131037
2022-11-11 02:40:49.548,2022,11,2022-11,36.297777
2022-11-11 02:41:04.017,2022,11,2022-11,12.016075
2022-12-21 02:41:03.774,2022,12,2022-12,19.502699
2022-12-26 02:40:48.545,2022,12,2022-12,34.619761
2022-12-26 02:41:03.012,2022,12,2022-12,14.847088
2023-01-30 02:40:47.691,2023,1,2023-01,11.068278
2023-02-24 02:41:02.278,2023,2,2023-02,29.323161
2023-03-01 02:40:51.069,2023,3,2023-03,24.043284
2023-03-01 02:41:05.535,2023,3,2023-03,2.084555
2023-03-06 02:40:46.666,2023,3,2023-03,1.11426
2023-03-06 02:41:01.140,2023,3,2023-03,9.682281
2023-03-11 02:40:54.439,2023,3,2023-03,8.255035
2023-03-11 02:41:08.923,2023,3,2023-03,24.211715
2023-04-10 02:40:52.098,2023,4,2023-04,22.11495
2023-04-10 02:41:06.569,2023,4,2023-04,21.574202
2023-05-05 02:40:50.508,2023,5,2023-05,38.995382
2023-05-05 02:41:04.979,2023,5,2023-05,12.86511
2023-05-10 02:40:52.801,2023,5,2023-05,24.072149
2023-06-19 02:41:09.223,2023,6,2023-06,38.794026
2023-06-24 02:41:07.964,2023,6,2023-06,35.242864
2023-06-29 02:40:55.261,2023,6,2023-06,17.748024
2023-07-04 02:40:55.206,2023,7,2023-07,31.469628
2023-07-04 02:41:09.676,2023,7,2023-07,37.539905
2023-07-09 02:40:55.447,2023,7,2023-07,17.292054
2023-07-09 02:41:09.924,2023,7,2023-07,12.236264
2023-07-14 02:40:55.271,2023,7,2023-07,29.959685
2023-08-13 02:40:55.340,2023,8,2023-08,25.499797
2023-08-28 02:40:54.721,2023,8,2023-08,30.267844
2023-08-28 02:41:09.195,2023,8,2023-08,37.766445
2023-09-12 02:40:54.985,2023,9,2023-09,6.021732
2023-09-12 02:41:09.472,2023,9,2023-09,3.696209
2023-09-22 02:40:51.828,2023,9,2023-09,37.683576
2023-09-22 02:41:06.297,2023,9,2023-09,22.270288
2023-10-02 02:41:06.672,2023,10,2023-10,22.7452
2023-10-12 02:40:48.163,2023,10,2023-10,39.914671
2023-11-06 02:40:52.956,2023,11,2023-11,12.641256
2023-11-06 02:41:07.444,2023,11,2023-11,19.037896
2023-11-21 02:40:46.831,2023,11,2023-11,30.913275
2023-11-21 02:41:01.298,2023,11,2023-11,27.508697
2023-12-11 02:40:45.288,2023,12,2023-12,35.653141
2023-12-26 02:40:51.625,2023,12,2023-12,34.075606
2023-12-31 02:40:47.272,2023,12,2023-12,30.828711
2024-01-05 02:40:50.230,2024,1,2024-01,10.579441
2024-01-05 02:41:04.709,2024,1,2024-01,7.230414
2024-01-15 02:41:03.416,2024,1,2024-01,29.440701
2024-01-20 02:40:56.320,2024,1,2024-01,24.968825
2024-02-14 02:40:51.815,2024,2,2024-02,0.004502
2024-02-14 02:41:05.793,2024,2,2024-02,0.029725
2024-02-19 02:40:48.237,2024,2,2024-02,32.611296
2024-03-05 02:40:45.914,2024,3,2024-03,24.208635
2024-03-05 02:41:00.365,2024,3,2024-03,39.547673
2024-03-20 02:40:51.170,2024,3,2024-03,34.122604
2024-03-25 02:40:50.723,2024,3,2024-03,36.382955
2024-03-25 02:41:05.202,2024,3,2024-03,19.836606
2024-04-04 02:41:02.669,2024,4,2024-04,16.861676
2024-04-14 02:41:05.476,2024,4,2024-04,37.521544
2024-04-29 02:40:52.883,2024,4,2024-04,2.860359
2024-04-29 02:41:07.361,2024,4,2024-04,33.510107
2024-06-23 02:40:52.995,2024,6,2024-06,32.257023
2024-06-23 02:41:07.470,2024,6,2024-06,24.701703
2024-07-03 02:40:53.984,2024,7,2024-07,18.926075
2024-07-03 02:41:08.463,2024,7,2024-07,25.830188
2024-07-08 02:41:08.111,2024,7,2024-07,12.924877
2024-07-13 02:41:06.949,2024,7,2024-07,24.964851
2024-07-18 02:40:50.886,2024,7,2024-07,17.330107
2024-07-18 02:41:05.335,2024,7,2024-07,12.427331
2024-07-28 02:40:52.860,2024,7,2024-07,34.41084
2024-08-02 02:40:50.764,2024,8,2024-08,8.798674
2024-08-02 02:41:05.222,2024,8,2024-08,20.888521
2024-08-12 02:40:54.560,2024,8,2024-08,18.278977
2024-08-12 02:41:09.040,2024,8,2024-08,27.001759
2024-08-22 02:40:49.800,2024,8,2024-08,22.302505
2024-08-22 02:41:04.257,2024,8,2024-08,22.769178
2024-08-27 02:40:48.398,2024,8,2024-08,11.19353
2024-08-27 02:41:02.859,2024,8,2024-08,8.358254
2024-09-01 02:40:53.039,2024,9,2024-09,5.527171
2024-09-01 02:41:07.518,2024,9,2024-09,11.665565
2024-09-06 02:40:50.286,2024,9,2024-09,33.973789
2024-09-06 02:41:04.764,2024,9,2024-09,23.20279
2024-09-11 02:40:51.771,2024,9,2024-09,12.322975
2024-09-11 02:41:06.255,2024,9,2024-09,24.613728
2024-09-16 02:40:49.791,2024,9,2024-09,33.191469
2024-10-06 02:41:04.690,2024,10,2024-10,21.163855
2024-11-05 02:41:01.869,2024,11,2024-11,27.0244
2024-11-25 02:41:03.374,2024,11,2024-11,31.102505
2024-12-20 02:41:05.297,2024,12,2024-12,12.733707
2025-01-14 02:40:47.961,2025,1,2025-01,0.006855
2025-01-14 02:41:02.415,2025,1,2025-01,33.432251
2025-02-28 02:40:53.101,2025,2,2025-02,2.328871
2025-02-28 02:41:07.577,2025,2,2025-02,10.884085
2025-03-20 02:40:53.086,2025,3,2025-03,30.135056
2025-03-25 02:41:12.049,2025,3,2025-03,0.287318
2025-03-25 02:41:26.530,2025,3,2025-03,0.405022
2025-04-04 02:41:27.836,2025,4,2025-04,25.465304
2025-04-14 02:41:11.559,2025,4,2025-04,4.497682
2025-04-14 02:41:26.035,2025,4,2025-04,5.655675
2025-04-16 02:41:03.053,2025,4,2025-04,15.434997
2025-04-16 02:41:17.537,2025,4,2025-04,39.43533
2025-04-29 02:40:51.817,2025,4,2025-04,32.741952
2025-05-14 02:41:07.258,2025,5,2025-05,22.399056
2025-06-08 02:41:04.044,2025,6,2025-06,35.251239
2025-06-15 02:41:04.362,2025,6,2025-06,24.550475
2025-06-15 02:41:18.822,2025,6,2025-06,8.501057
2025-06-28 02:40:52.645,2025,6,2025-06,27.687222
2025-07-05 02:41:22.866,2025,7,2025-07,36.641845
2025-07-23 02:41:13.121,2025,7,2025-07,26.008955
2025-07-23 02:41:27.606,2025,7,2025-07,33.834308
2025-08-07 02:40:51.685,2025,8,2025-08,30.308515
2025-08-12 02:41:23.713,2025,8,2025-08,34.606829
2025-08-14 02:41:02.841,2025,8,2025-08,15.833111
2025-08-14 02:41:17.295,2025,8,2025-08,28.774887
2025-08-17 02:40:52.601,2025,8,2025-08,25.991938
2025-08-17 02:41:07.072,2025,8,2025-08,17.585771
2025-08-22 02:41:09.801,2025,8,2025-08,6.847092
2025-08-22 02:41:24.282,2025,8,2025-08,30.227232
2025-09-03 02:41:04.266,2025,9,2025-09,30.025935
2025-09-03 02:41:18.739,2025,9,2025-09,28.960449
2025-09-06 02:40:49.297,2025,9,2025-09,19.809125
2025-09-06 02:41:03.759,2025,9,2025-09,28.460217
2025-09-11 02:41:18.927,2025,9,2025-09,13.519251
2025-09-21 02:41:18.329,2025,9,2025-09,18.645827
2025-10-01 02:41:05.801,2025,10,2025-10,16.686168
2025-10-01 02:41:20.282,2025,10,2025-10,6.756122
2025-10-06 02:40:49.607,2025,10,2025-10,13.34977
2025-10-06 02:41:04.074,2025,10,2025-10,13.276078
2025-10-11 02:41:17.791,2025,10,2025-10,17.947668
2025-10-13 02:41:04.474,2025,10,2025-10,6.952007
2025-10-13 02:41:18.940,2025,10,2025-10,19.312082
2025-10-16 02:40:49.994,2025,10,2025-10,10.361207
2025-10-16 02:41:04.468,2025,10,2025-10,2.543064
2025-11-30 02:40:58.733,2025,11,2025-11,34.994459
2025-12-10 02:40:58.350,2025,12,2025-12,28.397673
2025-12-10 02:41:12.839,2025,12,2025-12,26.796582
2026-01-04 02:40:48.800,2026,1,2026-01,8.923633
2026-01-04 02:41:03.268,2026,1,2026-01,10.495801
2026-01-14 02:40:47.403,2026,1,2026-01,5.510665
2026-01-14 02:41:01.873,2026,1,2026-01,10.192793
2026-01-19 02:40:50.680,2026,1,2026-01,36.948693
2026-01-19 02:41:05.142,2026,1,2026-01,3.207747
2026-01-29 02:40:55.969,2026,1,2026-01,2.138217
2026-02-13 02:40:44.430,2026,2,2026-02,6.282159
2026-03-15 02:40:47.121,2026,3,2026-03,10.753714
2026-03-15 02:41:01.596,2026,3,2026-03,4.577274
2026-03-30 02:40:51.392,2026,3,2026-03,36.811596
2026-03-30 02:41:05.873,2026,3,2026-03,28.397354
